time,10000.0,15000.0,20000.0,25000.0,30000.0,35000.0,40000.0,45000.0,50000.0,55000.0,60000.0,65000.0,70000.0,75000.0,77500.0,80000.0,82500.0,85000.0,87500.0,90000.0,92500.0,95000.0,97500.0,100000.0
2024-12-13 12:00:00,-0.00625532835550806,-0.022531433824077303,-0.01821991591166067,-0.057959969255947895,-0.16800150343915854,-0.3876973801364961,-0.5239521825012492,-0.4760927705401917,-0.1892364240245096,0.04268434711060999,0.10719255384602062,0.031572803880919605,0.10956568420938745,0.1679148201982356,0.12126260198407283,0.07191343934389534,0.024218079959354554,0.0029626331922094837,0.02046494388202559,0.04101266459969871,0.04657777375247021,0.0380464541426626,0.01404943602199652,-0.00033318269036599854
2024-12-13 15:00:00,-0.003378435554476216,-0.029421895193562447,-0.0039671297537684875,0.012194201021138454,-0.023781336307500883,-0.12464163953185727,-0.11502515900611274,-0.010193060414499355,0.023131277094264525,0.01696781164979242,0.06582223560728175,0.07345656630728317,0.052840655767306934,-0.004083083809269408,-0.009213885484538373,-0.003946971776311113,-0.0011385969984518442,-0.013048183431339276,-0.022363049356999093,-0.019951435807371694,-0.010608230281993989,-0.002087324255895668,0.003922256655625723,0.0009388006956347432
2024-12-13 18:00:00,-0.008341801323210092,0.012150892884431509,-0.002659300621275801,0.0010566583225885822,-0.10729952425964046,-0.17782753987619376,-0.062271311115565615,0.04762064878876982,0.03219435120382308,0.049408093849373114,0.05641278255426654,-0.02536558636552437,-0.06426194237030942,-0.04884449513053207,-0.027321480940845282,-0.0171732440625082,-0.01530406806895337,-0.0131980579206996,-0.00944610084360117,-0.009779278156084727,-0.015308726033433607,-0.016940389128169395,-0.008786667891613007,-0.00032135144824758715
2024-12-13 21:00:00,-0.008074381404846431,-0.0672901262316168,-0.005268446346774701,-0.01156944323337551,-0.13500560934188213,-0.19152218630793794,-0.07709706858224369,0.03118061357484248,0.06934696054079835,0.05623020218334405,0.07293863869346323,0.010966726808670271,-0.0110003616606585,-0.03632206915976742,-0.021401776018014435,-0.0041484827580167815,-0.003266693193915396,-0.00454243854467401,-0.00510065334902899,-0.003325209144939305,-0.004439318446040037,-0.0054995839502328,-0.00306533058197778,-0.0010724946398111845
2024-12-14 00:00:00,0.04626616822964929,-0.014537228995488368,-0.026178467334265588,0.006159571089483881,-0.10680137844743315,-0.11978152797161984,-0.03341308838889,0.025264263840525308,0.053359248998155646,0.04729290278306919,0.07550524850210999,0.05560368766739866,0.04265840685349456,0.03467054871618829,0.035487300023667845,0.027326893437804835,0.02337869737864524,0.015494135515889995,0.007436859596861215,0.008318860777985777,0.0022745306392189498,-0.007785620859728038,-0.009505784147565265,-0.003364327273553694
2024-12-14 03:00:00,0.040874790835154814,0.010775205654936882,-0.030355857361808063,0.05008692963112257,0.036539016688794515,0.031001437675183003,0.08877178939893349,0.15626925123295882,0.08352797616815799,0.025804888548249163,-0.006747004127273262,-0.018102038241491127,0.00772506486616576,0.0113816632441099,0.010411874064776415,0.0037586867046817745,-0.00020799345187615085,-0.0011947413927025788,-0.0024908596427259504,0.0007956695909429386,-0.005028607493611071,-0.015753916534574613,-0.011778237676679067,-0.002188127100670302
2024-12-14 06:00:00,-0.0014029609910437898,0.01990895458423885,0.0017426095627036742,0.03196087945862259,0.056266891748312176,0.06254351996239214,0.1286286886589242,0.14176869563382186,0.0769212781968545,0.06497465281266383,0.04317053027185754,0.044490172068911656,0.052773604045642256,0.03345285024052353,0.015284654714704603,0.008665905113384397,0.002144256633219269,-0.002152902342374085,-0.0024725709582013033,-0.0036342557078165396,-0.005691727918213489,0.0012602406642073624,0.008847553056062907,0.007395042290004458
2024-12-14 09:00:00,-0.014032780767912234,0.053405310975656636,-0.00990258042451073,0.0320578915693026,0.12997924016529802,0.0784498313716517,0.1347682206109822,0.16792678322169224,0.10907623030882611,0.11766513029852019,0.08900793391245752,0.03337195907394048,-0.07696176556147238,-0.05081064679194953,-0.02766777108564776,-0.013004853426435795,-0.007274338299982775,-0.002706420796010799,0.009185922031427075,0.02255204262917548,0.03143886279428336,0.04205613233283909,0.03573347243353735,0.015416609718044733
2024-12-14 12:00:00,0.0011901919580648895,0.004590841555441014,-0.010183276142331488,0.0938230363853496,0.045934311044286094,-0.0073394663342553935,0.1005196081504176,0.17943583902974725,0.14689949306467617,0.14636304201553815,0.1341844735146742,0.11602631254319404,0.07630010889360463,0.046829997169405335,0.03420426582835206,0.031974306435559596,0.037261966133432876,0.04454024751758576,0.05164442777180436,0.05880508155343375,0.06614794640455018,0.061597616397451906,0.04084751585920188,0.01338275960100563
2024-12-14 15:00:00,0.01693021314438076,-0.0012210137692950697,-0.016437552749258618,0.15376039854104645,0.03047462996400311,0.041925089619286995,0.0499083088515032,0.02647811530531557,0.038679002253899225,0.1093479917730388,0.14259652414264365,0.19276889186288498,0.2503479605921596,0.25638404262897324,0.24575215242121623,0.22552952642308136,0.19562699661261432,0.1568454598060865,0.12420280961215482,0.1090691083934501,0.10571029299188568,0.08893032579169134,0.038918338881975253,-0.001164528226665308
2024-12-14 18:00:00,0.026260240468841317,0.010429300882044268,-0.007958763988009801,0.043591067252327136,0.01925465597694669,0.03521493767491406,0.028438290461674277,0.02904861215623576,0.06565496174279586,0.25736067603424,0.38841943342573376,0.44908012694893684,0.3633510758794332,0.29251405550732207,0.23865696233203385,0.18990028923349667,0.13133222887768733,0.07153006655130141,0.03418620669823361,0.03816072502757346,0.049041399207925794,0.04585419006559398,0.03887520493940541,0.022706284572858254
2024-12-14 21:00:00,0.014760861213367504,0.003636811630598286,0.001472864721816355,0.08661143745358839,0.07400959187235186,0.03380458542063401,-0.04460694355393641,-0.155601149326565,-0.004290869135617664,0.2932842837630292,0.24922195883371343,0.16825486777326426,-0.015793112926633705,-0.27025628701184357,-0.27196656204985786,-0.2694584565448947,-0.30423393581393504,-0.31233773779949675,-0.28041068830490723,-0.25155641037193927,-0.18311105692686694,-0.10909045933972583,-0.03423437565837288,0.010694021079867501
2024-12-15 00:00:00,0.003910936463905226,0.015408760343051796,-0.020827986663228236,0.09235762110806779,0.15801237124135517,0.051664363000778396,-0.13550877065850966,-0.1690601286518897,0.11484818723175955,0.3130650162365496,0.2509771104607995,0.07972905583896166,-0.13277616655539765,-0.17697263692039816,-0.0969149100312032,-0.06260047207410269,-0.06451015826935219,-0.06709206440839847,-0.036751940956073176,-0.018567801482331482,0.0016026888377634755,0.029537187049038047,0.03779904124799594,0.03634633286315791
2024-12-15 03:00:00,0.013500023712595725,0.004814536287265133,-0.012730304621049076,0.015198635221385823,0.12486385532172246,0.016312735230632654,-0.13308319321275072,-0.1253260526399856,0.016988443322560644,0.1615707232106081,0.18292940196281604,0.17469642789130646,0.19817458871944807,0.1675180135913982,0.18954859032561205,0.17897949751886724,0.15081880694992328,0.11485781219634832,0.08103566201385183,0.07151684010389851,0.06501290323030846,0.07714571347766545,0.04998806600764585,0.017010221639364137
2024-12-15 06:00:00,-0.006290230309626449,-0.0005092867656143857,-0.009761588051850617,0.031245335143730662,0.07009824734119072,-0.006018881991341647,-0.06901221224585206,-0.08196100476198247,-0.009374991929060881,0.15221132025151782,0.20384517921076495,0.17168685091829805,0.1586656939656013,0.12262952495857113,0.11327393647735168,0.09750777657017896,0.0599504747049227,0.02242788911881303,0.0016133312894065085,-0.030225917138408193,-0.038055316250194524,0.00784731825420667,0.013804411368988167,0.00775369313972302
2024-12-15 09:00:00,0.003062172434567517,-0.0009579135294936861,0.002313469387562819,0.03256449700826242,0.0817226059129319,-0.003729917794030697,-0.06718389808807204,-0.10772398588114018,-0.05267161264510731,0.11063405657382921,0.26213872389549775,0.27290417493512464,0.3126456153804154,0.3403399866177424,0.3108257267189594,0.2793927609949574,0.23027876957071725,0.17027267261556206,0.06873429743623578,-0.025670680888999802,-0.05844981446889395,-0.01755778781049833,-0.004240455198849486,-0.0004179180530868856
2024-12-15 12:00:00,0.005354498885728844,0.0006155767796695682,-0.03496070216084278,0.13712708252449812,0.17832614909558878,-0.05294189569655464,-0.210557460781181,-0.16997113471472924,-0.0216926027036235,0.09099265786094257,0.0826457631192579,0.045144599648759484,0.0495846717310304,-0.08758389299762177,-0.13570983477722381,-0.17920235907482898,-0.22732924037354849,-0.20540484756395172,-0.21459059445662,-0.24937143934810196,-0.22528953182967082,-0.11677486092573211,-0.03314506648129314,-0.005032855625819735
2024-12-15 15:00:00,0.013647744717152358,0.0026736804483272845,-0.020596841618441147,0.11502238099436266,0.08904617229233773,-0.06181794848426223,-0.14990582063736546,-0.10433545882348015,0.020783015549380363,0.13287979653827753,0.19904006931587154,0.127577114858205,-0.0973806274216047,-0.316100701470703,-0.2947791234819353,-0.2337766667035395,-0.17854139327109836,-0.133958735147256,-0.10839621287394383,-0.07529119300708911,-0.007029510562822072,0.05107562446172923,0.04232062298654521,0.007762794106418279
2024-12-15 18:00:00,0.01331149135161559,-0.0014016295639349057,0.0212255123268882,0.14509361451470476,0.0737330610059898,-0.045879784088242746,-0.05486294978721145,-0.03861477525710775,-0.0005487200496302751,0.027651940619419498,0.058315686149475514,0.04132686579770804,-0.028401953693634414,-0.07419140050188544,-0.06827441749437678,-0.05935216409102893,-0.06368384490500582,-0.05447478864965117,-0.03201447594000069,-0.006950629756655606,0.03524174990091562,0.062055693534412565,0.03618752511271223,-0.0012031453918817357
2024-12-15 21:00:00,-0.0008268305422355433,0.006929186899267928,-0.009779513040071065,0.10374079755962363,0.037596228219436215,-0.016893114722778556,-0.019823455033486054,-0.0258698188753489,-0.011634688081642157,0.02572056554339087,0.035146809310977106,0.06568489652570657,0.034544876715024146,-0.010442135437616996,-0.0028611942920272956,0.0122438533079034,0.017180776011218018,0.02371099478069464,0.024474386689182115,0.027728876079545245,0.036688756266466775,0.04295324703978634,0.019192565803298502,-0.005263479485192364
2024-12-16 00:00:00,0.0003710384406878256,0.011820226984994946,0.020038265116115027,-0.001550010567790956,-0.002290596714940779,-0.013296694724007952,0.0010366854749748469,0.006733675975674179,-0.002692256248285518,0.007111177163645863,0.015195520215054712,0.011453341278795829,0.015043721557519306,-0.00666364546481818,-0.02294713684618952,-0.01542824485262246,0.0011628215662101908,0.030200919396371144,0.05528075582770406,0.06869401333632565,0.06904083633320285,0.05382309783768812,0.01671061925447294,-0.01137051229884014
2024-12-16 03:00:00,0.0063800376374197635,0.0056823670845298005,-0.018745489660321586,0.00820218354017849,0.007956878472677198,-0.009043216446283711,0.005861541048853625,0.0030070560740657797,-0.013926110197272832,0.0035300004795817313,0.008533617975132574,0.005674014779759697,0.0065877804287862935,0.010703216099486386,0.009451074867319414,0.009986403366367854,0.009715422860330258,0.02423530179264908,0.040449559509449846,0.050677966628578514,0.051079116621475004,0.03540885399138849,0.01106233020207702,-0.006280647959746922
2024-12-16 06:00:00,0.00699269379569456,-0.025302989946183647,-0.0119215369182219,-0.004580220320026279,-0.014316286064299927,0.005402644415609273,-0.05610468325606634,-0.05990643373216416,-0.025719525450003663,-0.027842710225064026,-0.011200505300930702,-0.019742081801034504,-0.005033478414979086,0.018954704989785843,0.03289914932508649,0.0433919075240655,0.05135552233080075,0.04514702278712345,0.05642881575551027,0.06120657401695792,0.05135888800355677,0.03057972403137652,0.01048787912558266,0.0002823350142170611
2024-12-16 09:00:00,0.027756980236612546,-0.00927055783054639,0.006324571252030182,0.008082551717199498,0.0027404557880277205,-0.0154462235861146,-0.022595915255038734,-0.0347597300548148,-0.02131058843997366,0.0020556837471683853,0.0063009638125848325,0.004134610206557978,0.01679256685097892,0.03745096044027279,0.04894281910294412,0.053794752923316966,0.05522014246651066,0.058254913438027994,0.05968995889082862,0.05390186387055772,0.04886136600193726,0.03820332307930145,0.02452141673247984,0.019086803616593345
2024-12-16 12:00:00,-0.009724509436806849,-0.000736400328777564,-0.008846549339430252,-0.03218427786716879,-0.0005290086562847016,0.003429593058735615,0.0012492492163204208,-0.0006776867885681649,0.0157934901643146,0.02511566816041341,0.04016202597564427,0.04475493478514016,0.024763151373442805,0.013831462562185651,0.017548060162183955,0.017636641580080305,0.014089362936019955,0.009059437962236211,0.008022811367646774,0.013004809690005554,0.012242606835499752,0.012049409023536262,0.006329351160041495,0.01470160121360083
